.metric,.estimator,.estimate
rsq,standard,0.17958736992854726
ccc,standard,0.28438146221980265
mape,standard,41.445228835022505
rmse,standard,506.8331466895237
